Bendy bone-Parent-Location X,
Bendy bone-Parent-Location Y,
Bendy bone-Parent-Location Z,
Bendy bone-Parent-Rotation W,
Bendy bone-Parent-Rotation X,
Bendy bone-Parent-Rotation Y,
Bendy bone-Parent-Rotation Z,
Bendy bone-Parent-Scale X,
Bendy bone-Parent-Scale Y,
Bendy bone-Parent-Scale Z,
Shape-Antitragus-Crease-Weight,
Shape-Cavum conchae-Depth-Weight,
Shape-Cymba conchae-Depth-Weight,
Shape-Crus helicis-Prominence-Weight,
Shape-Upper helix-Depth-Weight,
Shape-Middle helix-Depth-Weight,
Shape-Lower helix-Depth-Weight,
Shape-Scapha-Depth-Weight,
Shape-Fossa triangularis-Depth-Weight,
Shape-Crus inferius anthelicis-Lower crease-Weight,
Shape-Crus inferius anthelicis-Upper crease-Weight,
Shape-Crus superius anthelicis-Lower crease-Weight,
Shape-Crus superius anthelicis-Upper crease-Weight,
Shape-Tragus-Upper dent-Weight,
Shape-Crus helicis-Upper dent-Weight,
Shape-Crus helicis-Lower dent-Weight,
Shape-Ear canal-Diameter-Weight,
Start bone-Lobulus-Location X,
Start bone-Lobulus-Location Y,
Start bone-Lobulus-Location Z,
Start bone-Lobulus-Rotation W,
Start bone-Lobulus-Rotation X,
Start bone-Lobulus-Rotation Y,
Start bone-Lobulus-Rotation Z,
End bone-Lobulus-Location X,
End bone-Lobulus-Location Y,
End bone-Lobulus-Location Z,
End bone-Lobulus-Rotation W,
End bone-Lobulus-Rotation X,
End bone-Lobulus-Rotation Y,
End bone-Lobulus-Rotation Z,
Start bone-Helix low-Location X,
Start bone-Helix low-Location Y,
Start bone-Helix low-Location Z,
Start bone-Helix low-Rotation W,
Start bone-Helix low-Rotation X,
Start bone-Helix low-Rotation Y,
Start bone-Helix low-Rotation Z,
End bone-Helix low-Location X,
End bone-Helix low-Location Y,
End bone-Helix low-Location Z,
End bone-Helix low-Rotation W,
End bone-Helix low-Rotation X,
End bone-Helix low-Rotation Y,
End bone-Helix low-Rotation Z,
Start bone-Helix middle-Location X,
Start bone-Helix middle-Location Y,
Start bone-Helix middle-Location Z,
Start bone-Helix middle-Rotation W,
Start bone-Helix middle-Rotation X,
Start bone-Helix middle-Rotation Y,
Start bone-Helix middle-Rotation Z,
End bone-Helix middle-Location X,
End bone-Helix middle-Location Y,
End bone-Helix middle-Location Z,
End bone-Helix middle-Rotation W,
End bone-Helix middle-Rotation X,
End bone-Helix middle-Rotation Y,
End bone-Helix middle-Rotation Z,
Start bone-Helix up-Location X,
Start bone-Helix up-Location Y,
Start bone-Helix up-Location Z,
Start bone-Helix up-Rotation W,
Start bone-Helix up-Rotation X,
Start bone-Helix up-Rotation Y,
Start bone-Helix up-Rotation Z,
End bone-Helix up-Location X,
End bone-Helix up-Location Y,
End bone-Helix up-Location Z,
End bone-Helix up-Rotation W,
End bone-Helix up-Rotation X,
End bone-Helix up-Rotation Y,
End bone-Helix up-Rotation Z,
Start bone-Tragus-Location X,
Start bone-Tragus-Location Y,
Start bone-Tragus-Location Z,
Start bone-Tragus-Rotation W,
Start bone-Tragus-Rotation X,
Start bone-Tragus-Rotation Y,
Start bone-Tragus-Rotation Z,
End bone-Tragus-Location X,
End bone-Tragus-Location Y,
End bone-Tragus-Location Z,
End bone-Tragus-Rotation W,
End bone-Tragus-Rotation X,
End bone-Tragus-Rotation Y,
End bone-Tragus-Rotation Z,
Start bone-Antitragus-Location X,
Start bone-Antitragus-Location Y,
Start bone-Antitragus-Location Z,
Start bone-Antitragus-Rotation W,
Start bone-Antitragus-Rotation X,
Start bone-Antitragus-Rotation Y,
Start bone-Antitragus-Rotation Z,
End bone-Antitragus-Location X,
End bone-Antitragus-Location Y,
End bone-Antitragus-Location Z,
End bone-Antitragus-Rotation W,
End bone-Antitragus-Rotation X,
End bone-Antitragus-Rotation Y,
End bone-Antitragus-Rotation Z,
Start bone-Anthelix-Location X,
Start bone-Anthelix-Location Y,
Start bone-Anthelix-Location Z,
Start bone-Anthelix-Rotation W,
Start bone-Anthelix-Rotation X,
Start bone-Anthelix-Rotation Y,
Start bone-Anthelix-Rotation Z,
End bone-Anthelix-Location X,
End bone-Anthelix-Location Y,
End bone-Anthelix-Location Z,
End bone-Anthelix-Rotation W,
End bone-Anthelix-Rotation X,
End bone-Anthelix-Rotation Y,
End bone-Anthelix-Rotation Z,
Start bone-Crus inferius anthelicis-Location X,
Start bone-Crus inferius anthelicis-Location Y,
Start bone-Crus inferius anthelicis-Location Z,
Start bone-Crus inferius anthelicis-Rotation W,
Start bone-Crus inferius anthelicis-Rotation X,
Start bone-Crus inferius anthelicis-Rotation Y,
Start bone-Crus inferius anthelicis-Rotation Z,
End bone-Crus inferius anthelicis-Location X,
End bone-Crus inferius anthelicis-Location Y,
End bone-Crus inferius anthelicis-Location Z,
End bone-Crus inferius anthelicis-Rotation W,
End bone-Crus inferius anthelicis-Rotation X,
End bone-Crus inferius anthelicis-Rotation Y,
End bone-Crus inferius anthelicis-Rotation Z,
Start bone-Crus superius anthelicis-Location X,
Start bone-Crus superius anthelicis-Location Y,
Start bone-Crus superius anthelicis-Location Z,
Start bone-Crus superius anthelicis-Rotation W,
Start bone-Crus superius anthelicis-Rotation X,
Start bone-Crus superius anthelicis-Rotation Y,
Start bone-Crus superius anthelicis-Rotation Z,
End bone-Crus superius anthelicis-Location X,
End bone-Crus superius anthelicis-Location Y,
End bone-Crus superius anthelicis-Location Z,
End bone-Crus superius anthelicis-Rotation W,
End bone-Crus superius anthelicis-Rotation X,
End bone-Crus superius anthelicis-Rotation Y,
End bone-Crus superius anthelicis-Rotation Z,
Bendy bone-Lobulus-Scale All,
Bendy bone-Helix low-Scale All,
Bendy bone-Helix middle-Scale All,
Bendy bone-Helix up-Scale All,
Bendy bone-Tragus-Scale All,
Bendy bone-Antitragus-Scale All,
Bendy bone-Anthelix-Scale All,
Bendy bone-Crus inferius anthelicis-Scale All,
Bendy bone-Crus superius anthelicis-Scale All,
